pc11_s_id,pc11_d_id,d_name,year,footprint_m2,volume_m3
24,468,Kachchh,2016,1.2083747218064494E9,6.39697132029138E8
24,469,Banas Kantha,2016,2.2294706042749314E9,5.374707365724376E8
24,470,Patan,2016,4.606514415916475E8,2.384777965732991E8
24,471,Mahesana,2016,7.095263253643612E8,4.4264348865228224E8
24,472,Sabar Kantha,2016,1.3542404503987014E9,5.264404137392667E8
24,473,Gandhinagar,2016,4.7914997594580656E8,3.451669141440127E8
24,474,Ahmadabad,2016,8.60077304769355E8,1.236750425574398E9
24,475,Surendranagar,2016,8.132243367378829E8,3.6942626914310676E8
24,476,Rajkot,2016,1.6622001069601102E9,1.0569876458792968E9
24,477,Jamnagar,2016,1.252413025058923E9,5.2543428633639437E8
24,478,Porbandar,2016,3.0629301914267015E8,1.3266210753619607E8
24,479,Junagadh,2016,1.3253961173826025E9,6.108763789726732E8
24,480,Amreli,2016,7.658252898892348E8,4.109959993158346E8
24,481,Bhavnagar,2016,1.1010458915152843E9,6.008253427747406E8
24,482,Anand,2016,6.351427344970242E8,3.7777369927306837E8
24,483,Kheda,2016,7.789565762231042E8,3.521795066515487E8
24,484,Panch Mahals,2016,1.2083831907231274E9,4.5744359590850574E8
24,485,Dohad,2016,8.704079145455002E8,2.8739725869396013E8
24,486,Vadodara,2016,1.125109322595757E9,8.565927012918456E8
24,487,Narmada,2016,2.46417395326551E8,1.0986740953467956E8
24,488,Bharuch,2016,4.15406764161669E8,4.3112183533979744E8
24,489,The Dangs,2016,1.2765475331217064E8,5.38390687836236E7
24,490,Navsari,2016,4.85987654859329E8,3.177216049560458E8
24,491,Valsad,2016,7.565186400030675E8,4.670969634738903E8
24,492,Surat,2016,7.31096376565246E8,1.1876225721593122E9
24,493,Tapi,2016,3.884331520831303E8,1.9452338251597136E8
21,370,Bargarh,2016,3.69256611552382E8,2.2079019306294033E8
21,371,Jharsuguda,2016,1.9663556233055684E8,1.5954493063193303E8
21,372,Sambalpur,2016,3.975605464335478E8,2.6173340777558717E8
21,373,Debagarh,2016,1.509297751756549E8,5.7822099904777706E7
21,374,Sundargarh,2016,8.646838223868911E8,4.594338642028079E8
21,375,Kendujhar,2016,8.029652833227136E8,2.9085833260095006E8
21,376,Mayurbhanj,2016,1.0350061383269571E9,4.031054456039545E8
21,377,Baleshwar,2016,8.104935714110751E8,3.7999181410643303E8
21,378,Bhadrak,2016,4.231288509389784E8,1.9850703681309018E8
21,379,Kendrapara,2016,3.59228725684781E8,1.6557300919882002E8
21,380,Jagatsinghapur,2016,3.4725831174024206E8,1.9041010833878413E8
21,381,Cuttack,2016,5.55309793949238E8,3.9299933684122396E8
21,382,Jajapur,2016,4.6180003596613425E8,2.7036924844397897E8
21,383,Dhenkanal,2016,3.396485733795572E8,1.8265207532237715E8
21,384,Anugul,2016,4.62239302337385E8,2.7695684714050746E8
21,385,Nayagarh,2016,2.221769919323261E8,1.231750475750814E8
21,386,Khordha,2016,4.678613926331035E8,4.427462657002893E8
21,387,Puri,2016,4.379685880738244E8,2.3896209407200012E8
21,388,Ganjam,2016,5.759278004393802E8,4.123090894751116E8
21,389,Gajapati,2016,2.1598837762863818E8,7.098818008373854E7
21,390,Kandhamal,2016,3.553698895602825E8,9.733537324926078E7
21,391,Baudh,2016,1.5112574956545648E8,6.12759544330849E7
21,392,Subarnapur,2016,1.6412010599615124E8,8.369873901106422E7
21,393,Balangir,2016,4.333813014288909E8,2.3577312296516344E8
21,394,Nuapada,2016,2.2805916382398516E8,1.0518421379072565E8
21,395,Kalahandi,2016,4.4725513097228104E8,2.360222674357179E8
21,396,Rayagada,2016,2.670074643115578E8,1.1836735857236095E8
21,397,Nabarangapur,2016,3.766704741871209E8,1.6294852072764087E8
21,398,Koraput,2016,3.735292252052007E8,1.8133539973613256E8
21,399,Malkangiri,2016,3.020148334452014E8,8.102527734033418E7
22,400,Koriya,2016,4.1037124982110155E8,1.4224827516508716E8
22,401,Surguja,2016,1.604538598857429E9,5.733464346515312E8
22,402,Jashpur,2016,5.452361137403606E8,1.9971427601204142E8
22,403,Raigarh,2016,4.915722897397517E8,3.570734354350546E8
22,404,Korba,2016,4.749742069029142E8,2.6325073455471647E8
22,405,Janjgir - Champa,2016,4.4840854479178154E8,2.987582062019281E8
22,406,Bilaspur,2016,9.013708192498926E8,5.045306409982396E8
22,407,Kabeerdham,2016,3.171512778564989E8,1.3819995851168814E8
22,408,Rajnandgaon,2016,5.205764713221508E8,3.530528398332502E8
22,409,Durg,2016,8.553621032607228E8,7.320909127754815E8
22,410,Raipur,2016,1.0116198286332607E9,8.826031016233178E8
22,411,Mahasamund,2016,3.3887808915672493E8,2.0574262004786697E8
22,412,Dhamtari,2016,2.3454916328480393E8,1.8937747505093086E8
22,413,Uttar Bastar Kanker,2016,4.443914603678424E8,1.897295779788114E8
22,414,Bastar,2016,8.200431373587586E8,2.6113849707717237E8
22,415,Narayanpur,2016,1.1759271949425551E8,2.5124248207528573E7
22,416,Dakshin Bastar Dantewada,2016,4.34222861635321E8,9.766298488027854E7
22,417,Bijapur,2016,2.362841779015855E8,4.654253916930693E7
23,418,Sheopur,2016,2.2799006094486064E8,8.78079151563988E7
23,419,Morena,2016,4.377195753323223E8,2.2232724577787167E8
23,420,Bhind,2016,3.65438194191188E8,1.810647927131673E8
23,421,Gwalior,2016,3.8057464713122314E8,2.745584033683554E8
23,422,Datia,2016,2.387563633955231E8,1.0436752038973852E8
23,423,Shivpuri,2016,7.200817142701558E8,2.09874924043443E8
23,424,Tikamgarh,2016,6.476355108531673E8,2.3397192063338965E8
23,425,Chhatarpur,2016,7.278508094611713E8,3.1162251176687986E8
23,426,Panna,2016,3.4248610010526186E8,1.6035017780820024E8
23,427,Sagar,2016,7.312140993122627E8,3.1853633325846446E8
23,428,Damoh,2016,3.9584542132864964E8,1.6419004217389768E8
23,429,Satna,2016,7.94374097271178E8,3.7261908586470413E8
23,430,Rewa,2016,9.387276006141734E8,3.8770518253780115E8
23,431,Umaria,2016,3.187487643926011E8,1.1030003204487284E8
23,432,Neemuch,2016,3.360524682338005E8,1.6021818613583523E8
23,433,Mandsaur,2016,5.132963901214117E8,2.386360095997088E8
23,434,Ratlam,2016,5.69716802663814E8,2.3341715294015965E8
23,435,Ujjain,2016,6.105971889905794E8,3.2218787154443E8
23,436,Shajapur,2016,5.2099190935021824E8,2.4451429701507148E8
23,437,Dewas,2016,5.544745105038947E8,2.782586086291126E8
23,438,Dhar,2016,7.884088769723536E8,3.626976938047434E8
23,439,Indore,2016,5.346927746732115E8,6.335078011888607E8
23,440,Khargone (West Nimar),2016,6.206333536291819E8,2.755692727021322E8
23,441,Barwani,2016,5.971345162727941E8,1.6833408072217986E8
23,442,Rajgarh,2016,5.2149150688397676E8,2.233791507105473E8
23,443,Vidisha,2016,4.005595356066445E8,2.1121797974490717E8
23,444,Bhopal,2016,4.0783205085593224E8,4.5352517681021386E8
23,445,Sehore,2016,5.341439308227444E8,2.540322573288268E8
23,446,Raisen,2016,4.162415451717181E8,2.3030907085275578E8
23,447,Betul,2016,7.554472604700329E8,2.6583772927734444E8
23,448,Harda,2016,1.820460599285003E8,1.051772653803406E8
23,449,Hoshangabad,2016,3.629219545648668E8,2.1223839287775928E8
23,450,Katni,2016,4.0646859879590994E8,2.1844613255227625E8
23,451,Jabalpur,2016,4.881593594811312E8,4.408722512124916E8
23,452,Narsimhapur,2016,3.963856332378639E8,1.8297432779964292E8
23,453,Dindori,2016,3.5183498970114505E8,1.0925892185406065E8
23,454,Mandla,2016,4.892378172585326E8,1.8479603841087723E8
23,455,Chhindwara,2016,9.983767296914867E8,3.5460795072278553E8
23,456,Seoni,2016,5.140273467752488E8,2.6147094410718566E8
23,457,Balaghat,2016,5.622217549395909E8,3.3354793049695456E8
23,458,Guna,2016,4.351869472413565E8,1.7803545347695845E8
23,459,Ashoknagar,2016,2.884005174779412E8,1.0963903817165291E8
23,460,Shahdol,2016,5.3553548720173883E8,2.0417309924018824E8
23,461,Anuppur,2016,3.8421109530014175E8,1.5871159884554347E8
23,462,Sidhi,2016,6.568213912556448E8,1.95789052150901E8
23,463,Singrauli,2016,8.837814972800512E8,2.684699042314086E8
23,464,Jhabua,2016,5.57958858284754E8,1.4355761403485453E8
23,465,Alirajpur,2016,4.983146807100606E8,1.127661877527671E8
23,466,Khandwa (East Nimar),2016,3.8231317363276273E8,1.8943636279242942E8
23,467,Burhanpur,2016,1.7637412355047485E8,9.62606595258491E7
02,023,Chamba,2016,3.5038588449075145E8,1.534268969188322E8
02,024,Kangra,2016,9.581136329407396E8,5.2746448912572646E8
02,025,Lahul & Spiti,2016,1.4358954455249307E8,2.1122888716325942E8
02,026,Kullu,2016,4.006689371144148E8,2.2741980531971887E8
02,027,Mandi,2016,8.319333501186924E8,3.46284073877871E8
02,028,Hamirpur,2016,2.9134861673885566E8,1.7664596823982236E8
02,029,Una,2016,3.279696426332184E8,1.687328107670817E8
02,030,Bilaspur,2016,2.9328799322262555E8,1.2774906197862138E8
02,031,Solan,2016,3.8429532044687104E8,2.584555297392576E8
02,032,Sirmaur,2016,3.789226070219515E8,1.4157845209983313E8
02,033,Shimla,2016,7.756852443017887E8,2.859734213909357E8
02,034,Kinnaur,2016,1.2385443936104089E8,8.356240625685799E7
03,035,Gurdaspur,2016,8.399980357056108E8,5.457809860693296E8
03,036,Kapurthala,2016,3.2675708949664897E8,2.2995846325118873E8
03,037,Jalandhar,2016,7.340580832872204E8,6.031860202514571E8
03,038,Hoshiarpur,2016,6.762345677535577E8,4.80516925815918E8
03,039,Shahid Bhagat Singh Nagar,2016,2.964827416904604E8,1.942262992729202E8
03,040,Fatehgarh Sahib,2016,2.7155527829809284E8,1.737347219860648E8
03,041,Ludhiana,2016,1.007121610093907E9,9.427123595043806E8
03,042,Moga,2016,4.293306133217372E8,2.3229800847760162E8
03,043,Firozpur,2016,8.864828703203049E8,3.997087390744192E8
03,044,Muktsar,2016,4.103491659395528E8,1.8361343263016257E8
03,045,Faridkot,2016,2.675681132594593E8,1.3947243017831984E8
03,046,Bathinda,2016,6.260269111326364E8,3.470822435548139E8
03,047,Mansa,2016,3.6422756519755286E8,1.860711069672124E8
03,048,Patiala,2016,6.859598029437002E8,4.640196948204578E8
03,049,Amritsar,2016,6.259275897105854E8,5.0283233652308106E8
03,050,Tarn Taran,2016,4.9554894582751614E8,2.2896900958217612E8
03,051,Rupnagar,2016,2.8836785474659914E8,1.9938398564253113E8
03,052,Sahibzada Ajit Singh Nagar,2016,3.2253393704661846E8,3.739314507108903E8
03,053,Sangrur,2016,7.519143274123734E8,4.092868159601249E8
03,054,Barnala,2016,2.7533175099128366E8,1.4894603570562991E8
04,055,Chandigarh,2016,7.878687228762256E7,1.6271812677120638E8
05,056,Uttarkashi,2016,2.2372539426562884E8,9.555517713422786E7
05,057,Chamoli,2016,3.011812926441291E8,2.2760999554381344E8
05,058,Rudraprayag,2016,1.3526037187010187E8,5.679930101471195E7
05,059,Tehri Garhwal,2016,3.509601904105277E8,1.1371351156887016E8
05,060,Dehradun,2016,4.897079116699295E8,4.7422133892877764E8
05,061,Garhwal,2016,3.6753501464631975E8,1.6357428759010434E8
05,062,Pithoragarh,2016,3.2178938919784385E8,1.5076543813440862E8
05,063,Bageshwar,2016,1.865978528691828E8,7.005240899209358E7
05,064,Almora,2016,3.485370994324871E8,1.2793441228506832E8
05,065,Champawat,2016,1.5578970747494256E8,5.023519548726117E7
05,066,Nainital,2016,4.1420495542908245E8,1.8892444750482824E8
05,067,Udham Singh Nagar,2016,4.5731953402055764E8,3.384663478948577E8
05,068,Hardwar,2016,2.922970069349074E8,3.982150601642115E8
06,069,Panchkula,2016,1.5963692999307212E8,1.6388391668581232E8
06,070,Ambala,2016,3.384682494553921E8,2.9548104016279E8
06,071,Yamunanagar,2016,3.1908432900678617E8,2.917584285396817E8
06,072,Kurukshetra,2016,3.968493537728592E8,2.4803957090418714E8
06,073,Kaithal,2016,4.5096166885858226E8,2.263896082019321E8
06,074,Karnal,2016,5.456447141039331E8,3.635803969050285E8
06,075,Panipat,2016,3.0265140497827053E8,3.13664810493293E8
06,076,Sonipat,2016,4.022884060723805E8,3.797492822533759E8
06,077,Jind,2016,4.8645527464496005E8,2.8719327119000244E8
06,078,Fatehabad,2016,4.9106680421542585E8,2.281741974083148E8
06,079,Sirsa,2016,6.724107587722424E8,2.895873781199459E8
06,080,Hisar,2016,7.611259136628753E8,3.9043144295278794E8
06,081,Bhiwani,2016,6.828194961917741E8,4.0938558143010044E8
06,082,Rohtak,2016,2.4587766364191565E8,2.4535869422211558E8
06,083,Jhajjar,2016,2.990063331194317E8,2.5452302826624978E8
06,084,Mahendragarh,2016,3.7858156370929825E8,2.3416389502382928E8
06,085,Rewari,2016,3.33214462127045E8,2.719653952312365E8
06,086,Gurgaon,2016,4.3541410199451214E8,7.016705315994833E8
06,087,Mewat,2016,2.709823790264093E8,1.5556940145611903E8
06,088,Faridabad,2016,2.7721188956807214E8,4.5036796844838965E8
06,089,Palwal,2016,2.878371135907553E8,2.1163140689159653E8
07,090,North West,2016,2.2056700666241574E8,5.45893453764857E8
07,091,North,2016,4.1563439581927836E7,1.4449528499128175E8
07,092,North East,2016,3.931205327071079E7,1.8688191146384883E8
07,093,East,2016,5.364984532552467E7,2.316949547468176E8
07,094,New Delhi,2016,2.62376972528799E7,6.022725211353929E7
07,095,Central,2016,1.3583002472384345E7,5.9517467894900285E7
07,096,West,2016,1.0480722820193014E8,3.8820924552969503E8
07,097,South West,2016,1.930298408793428E8,4.10022851026941E8
07,098,South,2016,1.691632892265817E8,4.6470125395297563E8
08,099,Ganganagar,2016,9.869748205568169E8,4.1461098342610705E8
08,100,Hanumangarh,2016,1.0058990367416435E9,3.389362909152288E8
08,101,Bikaner,2016,2.2351260257816668E9,4.3915423520870054E8
08,102,Churu,2016,1.6842119940795114E9,3.5522644042319274E8
08,103,Jhunjhunun,2016,1.2813589190688498E9,4.9176891040133333E8
08,104,Alwar,2016,1.481056126809616E9,7.611650928701661E8
08,105,Bharatpur,2016,6.532694834894302E8,3.8054026460355073E8
08,106,Dhaulpur,2016,2.846262420017502E8,1.373143152940554E8
08,107,Karauli,2016,4.980897586734759E8,1.820179893418844E8
08,108,Sawai Madhopur,2016,5.382746982645146E8,2.0167574076881152E8
08,109,Dausa,2016,7.304747325483035E8,2.5130974010941026E8
08,110,Jaipur,2016,2.357549576149751E9,1.5405752627240427E9
08,111,Sikar,2016,1.635364055816192E9,5.893586490700982E8
08,112,Nagaur,2016,2.419914882500471E9,5.931901983807933E8
08,113,Jodhpur,2016,3.1206662278495593E9,7.188909081528753E8
08,114,Jaisalmer,2016,1.0645169399850221E9,1.4677063049272957E8
08,115,Barmer,2016,3.6451556703354893E9,4.402201088437346E8
08,116,Jalor,2016,1.3914249857006626E9,3.3564552579122543E8
08,117,Sirohi,2016,6.114397114994907E8,2.1846371962540123E8
08,118,Pali,2016,1.0441493493952168E9,4.708195799356894E8
08,119,Ajmer,2016,1.0516147849395028E9,5.497275615419503E8
08,120,Tonk,2016,6.336352141653225E8,2.705393015790709E8
08,121,Bundi,2016,5.782587222551585E8,2.140345221204697E8
08,122,Bhilwara,2016,1.1329851450035121E9,4.8673420168316376E8
08,123,Rajsamand,2016,6.649880643522096E8,2.687811582139085E8
08,124,Dungarpur,2016,9.909108641644571E8,3.012937106235858E8
08,125,Banswara,2016,1.0408658945744447E9,2.891540825335797E8
08,126,Chittaurgarh,2016,7.088385247603018E8,3.5853171667995673E8
08,127,Kota,2016,4.370513876696308E8,3.825998240565939E8
08,128,Baran,2016,4.018850879112094E8,2.162617659378421E8
08,129,Jhalawar,2016,5.014011314714652E8,2.230907748716987E8
08,130,Udaipur,2016,1.9063617059123623E9,6.662574731005933E8
08,131,Pratapgarh,2016,6.29523939596829E8,1.5572540230530897E8
09,132,Saharanpur,2016,4.580827253346507E8,5.473896370872787E8
09,133,Muzaffarnagar,2016,5.304797882268726E8,6.05726424219258E8
09,134,Bijnor,2016,4.811579344867992E8,4.5815966411665386E8
09,135,Moradabad,2016,5.000915114880858E8,5.530114726828856E8
09,136,Rampur,2016,2.921853989131242E8,2.5197874331495154E8
09,137,Jyotiba Phule Nagar,2016,2.9413623327577746E8,2.4554758807486317E8
09,138,Meerut,2016,4.392734870475068E8,5.778863922233738E8
09,139,Baghpat,2016,2.3438749415435815E8,1.9714730817030692E8
09,140,Ghaziabad,2016,5.039057239020641E8,8.467471831620349E8
09,141,Gautam Buddha Nagar,2016,4.246365226698605E8,8.287069390056554E8
09,142,Bulandshahr,2016,6.440965380206226E8,4.788454869144395E8
09,143,Aligarh,2016,6.058877461438992E8,4.6460435227568567E8
09,144,Mahamaya Nagar,2016,2.567893524529642E8,1.8863788898038247E8
09,145,Mathura,2016,5.0327313423069084E8,4.309609402690819E8
09,146,Agra,2016,6.703169786809589E8,6.202134984535664E8
09,147,Firozabad,2016,3.8052261663864124E8,2.690575138169657E8
09,148,Mainpuri,2016,3.615402462842027E8,2.151736380374367E8
09,149,Budaun,2016,4.996622150984451E8,3.5704361162691915E8
09,150,Bareilly,2016,4.876266056920227E8,4.856817183382375E8
09,151,Pilibhit,2016,3.115177665243067E8,2.3016243396987742E8
09,152,Shahjahanpur,2016,4.44002194895661E8,3.1665577343198854E8
09,153,Kheri,2016,6.953523613450367E8,4.261916765690206E8
09,154,Sitapur,2016,6.649469674175743E8,4.314078689612798E8
09,155,Hardoi,2016,6.346421499198108E8,4.3298566510677063E8
09,156,Unnao,2016,6.043886293268154E8,4.15380889631315E8
09,157,Lucknow,2016,6.79102188933498E8,8.929262286909475E8
09,158,Rae Bareli,2016,8.956710178840188E8,4.979589634042715E8
09,159,Farrukhabad,2016,2.8908640104550016E8,1.9020666300406724E8
09,160,Kannauj,2016,2.9377811171051234E8,1.8455583877472088E8
09,161,Etawah,2016,2.983319219896637E8,1.9659808838376826E8
09,162,Auraiya,2016,2.565604029927313E8,1.8216458236904344E8
09,163,Kanpur Dehat,2016,3.6097477455924845E8,2.4041929066855228E8
09,164,Kanpur Nagar,2016,5.209404694717218E8,6.166844345382651E8
09,165,Jalaun,2016,2.9905499406354547E8,2.4444092779980302E8
09,166,Jhansi,2016,5.1193111813952196E8,3.325337892894659E8
09,167,Lalitpur,2016,4.4792660006117487E8,1.7211186642540812E8
09,168,Hamirpur,2016,2.6624956517563185E8,1.8703707983751497E8
09,169,Mahoba,2016,2.475445297438879E8,1.438057921846362E8
09,170,Banda,2016,4.207341381429151E8,2.960619258601084E8
09,171,Chitrakoot,2016,3.068406158588082E8,1.543716033824632E8
09,172,Fatehpur,2016,5.55703340871714E8,3.5081106649106824E8
09,173,Pratapgarh,2016,1.0328506034499693E9,5.411363514084907E8
09,174,Kaushambi,2016,3.125496508271867E8,1.9555429097973022E8
09,175,Allahabad,2016,1.3240700513695734E9,8.671775704697702E8
09,176,Bara Banki,2016,5.999989843939643E8,3.516520917223138E8
09,177,Faizabad,2016,5.760386375494409E8,3.743763004423113E8
09,178,Ambedkar Nagar,2016,5.83437839352451E8,3.555115438884156E8
09,179,Sultanpur,2016,1.1330440015368567E9,6.159657717582948E8
09,180,Bahraich,2016,6.647442392032899E8,3.373699139924482E8
09,181,Shrawasti,2016,2.1665027056828663E8,1.1223405571419293E8
09,182,Balrampur,2016,3.4891859199283475E8,2.2330313921161383E8
09,183,Gonda,2016,7.534134206967143E8,3.404027354809524E8
09,184,Siddharthnagar,2016,4.03369539961983E8,2.7929799438687646E8
09,185,Basti,2016,5.64202952539909E8,3.600186549089602E8
09,186,Sant Kabir Nagar,2016,3.0713550138185126E8,2.246466080200655E8
09,187,Mahrajganj,2016,4.330738591869141E8,3.228310977490529E8
09,188,Gorakhpur,2016,7.894547882485331E8,6.203442091377217E8
09,189,Kushinagar,2016,5.905825020901347E8,4.031926530726509E8
09,190,Deoria,2016,5.506130125882123E8,3.762762111632824E8
09,191,Azamgarh,2016,1.1053209895728667E9,6.517840491849517E8
09,192,Mau,2016,4.617554835626646E8,2.699961192451168E8
09,193,Ballia,2016,5.715185018635149E8,3.9572427645202935E8
09,194,Jaunpur,2016,1.3134074953436582E9,7.025690665090636E8
09,195,Ghazipur,2016,7.945798726177847E8,4.4903169551109076E8
09,196,Chandauli,2016,4.033909844378639E8,2.3376616974536642E8
09,197,Varanasi,2016,6.290786110339383E8,5.690147711663278E8
09,198,Sant Ravidas Nagar (Bhadohi),2016,3.518471663277765E8,2.2394252461095348E8
09,199,Mirzapur,2016,7.114976763252144E8,3.2147463034114575E8
09,200,Sonbhadra,2016,9.729569114433594E8,3.205902256615529E8
09,201,Etah,2016,3.163225166422526E8,1.9517783437566715E8
09,202,Kanshiram Nagar,2016,1.9964266687640166E8,1.452674600911482E8
10,203,Pashchim Champaran,2016,6.076260032845473E8,4.0423825359768176E8
10,204,Purba Champaran,2016,8.273453961417011E8,5.067287705217178E8
10,205,Sheohar,2016,9.030769225221355E7,5.905611519974695E7
10,206,Sitamarhi,2016,4.4095306149331343E8,2.9527769512130445E8
10,207,Madhubani,2016,6.328423374171951E8,3.64698130544157E8
10,208,Supaul,2016,4.799297352167317E8,2.3745879857289332E8
10,209,Araria,2016,5.3108707774730027E8,3.204903780201076E8
10,210,Kishanganj,2016,3.73267520124031E8,2.2669226631140894E8
10,211,Purnia,2016,6.18059384048694E8,4.298139854443901E8
10,212,Katihar,2016,5.677494867593673E8,3.877317574890475E8
10,213,Madhepura,2016,3.4486637997503054E8,1.9274929180057988E8
10,214,Saharsa,2016,2.9214281430659074E8,1.7840423466510132E8
10,215,Darbhanga,2016,4.7185880821639854E8,3.199793376384091E8
10,216,Muzaffarpur,2016,8.448735654275775E8,5.132668753082827E8
10,217,Gopalganj,2016,4.778676947729281E8,2.882953563451819E8
10,218,Siwan,2016,5.291654785465265E8,3.7286459270230395E8
10,219,Saran,2016,6.28106493781181E8,4.543698275535905E8
10,220,Vaishali,2016,6.155067073829504E8,3.6276919218418616E8
10,221,Samastipur,2016,6.218272171049784E8,3.716658255510428E8
10,222,Begusarai,2016,3.5709223412266773E8,2.6024366689424288E8
10,223,Khagaria,2016,1.864461076881778E8,1.2508458356604151E8
10,224,Bhagalpur,2016,3.6751249629927623E8,3.0320914714202684E8
10,225,Banka,2016,3.912773693165058E8,2.0159587453500134E8
10,226,Munger,2016,1.532774150337929E8,1.2439232436594069E8
10,227,Lakhisarai,2016,1.1493216774309894E8,8.555783631420985E7
10,228,Sheikhpura,2016,7.244031256599265E7,5.464671803726513E7
10,229,Nalanda,2016,2.991959020075138E8,2.4688811124632126E8
10,230,Patna,2016,5.820156944763443E8,7.364451532883109E8
10,231,Bhojpur,2016,3.398741042328355E8,3.117413723786079E8
10,232,Buxar,2016,2.2072018934781712E8,1.8207986639410764E8
10,233,Kaimur (Bhabua),2016,2.690542660463771E8,1.634256840141189E8
10,234,Rohtas,2016,3.876737144202397E8,3.3944225913236403E8
10,235,Aurangabad,2016,4.170036190764323E8,3.204107176647058E8
10,236,Gaya,2016,6.916688533479933E8,5.0925543222974163E8
10,237,Nawada,2016,2.855942400494485E8,2.0799146336361164E8
10,238,Jamui,2016,3.4087739948121554E8,1.7331160216710258E8
10,239,Jehanabad,2016,1.383914797066751E8,1.1756282550183037E8
10,240,Arwal,2016,9.103471917912072E7,7.674116712970434E7
19,327,Darjiling,2016,6.204707816360908E8,4.156656902224899E8
19,328,Jalpaiguri,2016,1.4096371826740732E9,8.233703969102883E8
19,329,Koch Bihar,2016,1.2403619273736446E9,5.974307841959444E8
19,330,Uttar Dinajpur,2016,7.02989637789828E8,4.3301658057144505E8
19,331,Dakshin Dinajpur,2016,4.596589986666743E8,2.811296375054499E8
19,332,Maldah,2016,7.709903627892578E8,5.1660177312402654E8
19,333,Murshidabad,2016,1.112671992985336E9,8.362386750289557E8
19,334,Birbhum,2016,7.190884389510072E8,5.422489197529954E8
19,335,Barddhaman,2016,1.4682057054396367E9,1.3822966514601986E9
19,336,Nadia,2016,9.784996630973612E8,7.152734860130092E8
19,337,North Twenty Four Parganas,2016,1.5592051987386675E9,1.4654218681250005E9
19,338,Hugli,2016,1.0039545247291324E9,9.855370209809003E8
19,339,Bankura,2016,8.873317792294389E8,5.87419044891548E8
19,340,Puruliya,2016,6.374657646277152E8,4.06785913831838E8
19,341,Haora,2016,6.6723937849946E8,7.923991701031654E8
19,342,Kolkata,2016,1.7103642469404483E8,7.052853810817567E8
19,343,South Twenty Four Parganas,2016,2.2004657400385723E9,1.2637913361424184E9
19,344,Paschim Medinipur,2016,1.742936692473078E9,9.262607457442317E8
19,345,Purba Medinipur,2016,1.6988344238843293E9,8.430836189698241E8
20,346,Garhwa,2016,5.443233119475223E8,2.0304589483513916E8
20,347,Chatra,2016,4.02832070956813E8,1.5894895574923006E8
20,348,Kodarma,2016,1.713145898420726E8,1.1113141029581186E8
20,349,Giridih,2016,6.830624338800437E8,3.6230436150047106E8
20,350,Deoghar,2016,4.3006196029658014E8,2.2804018723886913E8
20,351,Godda,2016,2.8009216574828815E8,1.6143940332124308E8
20,352,Sahibganj,2016,2.1578566046667048E8,1.364606568836476E8
20,353,Pakur,2016,2.273163313326325E8,1.248331118979417E8
20,354,Dhanbad,2016,4.588019863244333E8,3.6409820014125204E8
20,355,Bokaro,2016,4.1905247474326366E8,3.42705011239867E8
20,356,Lohardaga,2016,1.8032682823329502E8,8.67858972867116E7
20,357,Purbi Singhbhum,2016,4.5571745286200976E8,3.9925053761783236E8
20,358,Palamu,2016,6.0781578914802E8,3.0112875667489946E8
20,359,Latehar,2016,3.689026297859567E8,1.267792944461168E8
20,360,Hazaribagh,2016,4.867449790541781E8,2.9555743937361073E8
20,361,Ramgarh,2016,2.2870956939167818E8,1.519331149994784E8
20,362,Dumka,2016,4.308583908408509E8,2.229583353749716E8
20,363,Jamtara,2016,2.5041464833798635E8,1.3292678509108008E8
20,364,Ranchi,2016,7.95556474834283E8,5.60753536342725E8
20,365,Khunti,2016,2.356071080405905E8,8.734388984151906E7
20,366,Gumla,2016,4.6867869630509734E8,1.9307885665843537E8
20,367,Simdega,2016,3.7414683525260794E8,1.179442349444676E8
20,368,Pashchimi Singhbhum,2016,6.300869693652267E8,2.3327303152876827E8
20,369,Saraikela-Kharsawan,2016,3.093249925854243E8,1.970890211650167E8
01,001,Kupwara,2016,2.5207953435391775E8,1.5643792735426578E8
01,002,Badgam,2016,2.4118716190819547E8,2.4707260426163298E8
01,003,Leh(Ladakh),2016,4.9472114959365606E8,4.1358437603959477E8
01,004,Kargil,2016,2.3523164713049948E8,2.693438071414881E8
01,005,Punch,2016,3.7509899756487435E8,1.0284701750219207E8
01,006,Rajouri,2016,5.859960272031746E8,1.4518133747368154E8
01,007,Kathua,2016,3.798800709472427E8,1.3333347676881948E8
01,008,Baramula,2016,3.2850979671500456E8,2.4199152698829174E8
01,009,Bandipore,2016,1.1801553343949524E8,8.672975061779416E7
01,010,Srinagar,2016,1.2637085326711091E8,1.955373154224766E8
01,011,Ganderbal,2016,1.0532849997049633E8,6.471501669389896E7
01,012,Pulwama,2016,1.6743076465201825E8,1.3746601907440948E8
01,013,Shupiyan,2016,1.036249264676624E8,7.16905769795631E7
01,014,Anantnag,2016,2.921772785895642E8,1.9457030478887695E8
01,015,Kulgam,2016,1.1744642117152649E8,8.043632460020301E7
01,016,Doda,2016,2.4224993984697843E8,6.967927980500059E7
01,017,Ramban,2016,1.6231239668748084E8,4.191820417465662E7
01,018,Kishtwar,2016,1.9616561701611513E8,1.4175986674568608E8
01,019,Udhampur,2016,4.263015105686697E8,1.0186220074333212E8
01,020,Reasi,2016,3.134484095158893E8,7.559731806548007E7
01,021,Jammu,2016,5.2559323900397897E8,3.901354989306577E8
01,022,Samba,2016,1.5420779226441863E8,1.0131777731645054E8
11,241,North  District,2016,1.4386604784474957E8,3.301233307098312E8
11,242,West District,2016,1.3394289000313647E8,5.002844992920385E7
11,243,South District,2016,1.33970569921178E8,5.071194638236546E7
11,244,East District,2016,1.597264668616613E8,9.248229837841344E7
12,245,Tawang,2016,5.146194815591682E7,3.806673837291063E7
12,246,West Kameng,2016,7.579074109883963E7,3.2540530530972797E7
12,247,East Kameng,2016,6.095672687331496E7,3.0077409467243005E7
12,248,Papum Pare,2016,1.036806970727022E8,6.909686405644365E7
12,249,Upper Subansiri,2016,6.84395530320121E7,3.50101706048015E7
12,250,West Siang,2016,1.5846506863533244E8,6.10241441253497E7
12,251,East Siang,2016,1.1590250079565716E8,3.685090367288556E7
12,252,Upper Siang,2016,5.528649651595052E7,2.8935599153180182E7
12,253,Changlang,2016,1.320107349747817E8,3.2118144441681903E7
12,254,Tirap,2016,7.814892189088541E7,2.615441319030414E7
12,255,Lower Subansiri,2016,4.7679682523043044E7,2.288941002714703E7
12,256,Kurung Kumey,2016,5.430508375186503E7,2.8339577531602014E7
12,257,Dibang Valley,2016,2.481324130700827E7,1.4132914516958874E7
12,258,Lower Dibang Valley,2016,6.743029767262179E7,1.6752660060342975E7
12,259,Lohit,2016,1.5544142760296795E8,3.627089638406647E7
12,260,Anjaw,2016,4.799722116577435E7,4.111818828138679E7
13,261,Mon,2016,1.514962871722082E8,4.555548557376062E7
13,262,Mokokchung,2016,8.778158128988588E7,4.9521378410148785E7
13,263,Zunheboto,2016,6.4062384149303E7,3.3009488431708265E7
13,264,Wokha,2016,5.7906994969558045E7,2.54207013933216E7
13,265,Dimapur,2016,1.6959246288595665E8,1.116004823931376E8
13,266,Phek,2016,6.588268863192401E7,3.0621661351269353E7
13,267,Tuensang,2016,8.149293790012638E7,3.661500079291678E7
13,268,Longleng,2016,3.480106694422871E7,1.2614010107709952E7
13,269,Kiphire,2016,2.561561235703125E7,1.188285955347067E7
13,270,Kohima,2016,9.112487375079656E7,6.73497731575184E7
13,271,Peren,2016,4.90117435517961E7,1.595342267088048E7
14,272,Senapati,2016,1.7004942990230542E8,5.844059598614001E7
14,273,Tamenglong,2016,8.196982262667356E7,2.9901305834988363E7
14,274,Churachandpur,2016,8.779239731890316E7,4.336417458135904E7
14,275,Bishnupur,2016,7.878926787936199E7,4.957707910561201E7
14,276,Thoubal,2016,1.4858506972825524E8,9.286174288454257E7
14,277,Imphal West,2016,1.4193345180274585E8,1.3469630145227313E8
14,278,Imphal East,2016,1.2725770698460478E8,1.04933656987281E8
14,279,Ukhrul,2016,8.989773075580959E7,3.48557531215254E7
14,280,Chandel,2016,4.5212971060006894E7,1.809594010413894E7
15,281,Mamit,2016,6.698618038681065E7,2.0969882084852178E7
15,282,Kolasib,2016,5.250348458473883E7,2.264905455042497E7
15,283,Aizawl,2016,1.2838801977187882E8,1.1006818508570758E8
15,284,Champhai,2016,5.482955599710095E7,1.7467801469722237E7
15,285,Serchhip,2016,3.691342781930146E7,1.4781078847878003E7
15,286,Lunglei,2016,8.887429884107308E7,4.0426559545827694E7
15,287,Lawngtlai,2016,5.226228509317939E7,1.4960900204351654E7
15,288,Saiha,2016,1.409678847174096E7,1.0456898896648787E7
16,289,West Tripura,2016,7.419648068807713E8,4.149458686766579E8
16,290,South Tripura,2016,5.692395893441329E8,2.2973695595681408E8
16,291,Dhalai,2016,2.6610508600274587E8,8.586795390909666E7
16,292,North Tripura,2016,3.9476864468174404E8,1.506082520167733E8
17,293,West Garo Hills,2016,4.9258399655055153E8,1.3022889282846689E8
17,294,East Garo Hills,2016,3.5568646995440793E8,7.394099518383434E7
17,295,South Garo Hills,2016,1.4186140226638326E8,2.8463240719507366E7
17,296,West Khasi Hills,2016,3.1896374344855237E8,7.265004828158261E7
17,297,Ribhoi,2016,2.124501541004634E8,6.348384868101299E7
17,298,East Khasi Hills,2016,3.0236607922327286E8,1.629568651469789E8
17,299,Jaintia Hills,2016,3.2940289071727175E8,9.217838765598401E7
18,300,Kokrajhar,2016,5.439346566201171E8,1.8824483816530535E8
18,301,Dhubri,2016,6.039937697770525E8,2.940717717904907E8
18,302,Goalpara,2016,5.058626660407629E8,1.958307523429198E8
18,303,Barpeta,2016,6.790602923417125E8,3.526533693155206E8
18,304,Morigaon,2016,3.4950105634049094E8,1.805101906977911E8
18,305,Nagaon,2016,1.0799002811418047E9,5.1239905902417135E8
18,306,Sonitpur,2016,1.0186630332113932E9,4.334740790414443E8
18,307,Lakhimpur,2016,6.331166787654986E8,2.6923068499566865E8
18,308,Dhemaji,2016,4.5719551688863367E8,1.7766270062749738E8
18,309,Tinsukia,2016,7.092646204147365E8,2.89672497917433E8
18,310,Dibrugarh,2016,6.98709354318409E8,3.3506012652109134E8
18,311,Sivasagar,2016,6.821982332597272E8,3.1206513404392284E8
18,312,Jorhat,2016,5.729511470500115E8,3.129484413489389E8
18,313,Golaghat,2016,8.193089286998507E8,3.182885217879898E8
18,314,Karbi Anglong,2016,7.972637838977864E8,2.0476503805375862E8
18,315,Dima Hasao,2016,1.6541145808165976E8,4.785000812485366E7
18,316,Cachar,2016,6.379759456705078E8,3.092320506283845E8
18,317,Karimganj,2016,4.809622708406096E8,2.136986573670656E8
18,318,Hailakandi,2016,3.21618459855553E8,1.2263459092630623E8
18,319,Bongaigaon,2016,3.2103365488774884E8,1.6394430534299308E8
18,320,Chirang,2016,3.54061913236309E8,1.2698714702162918E8
18,321,Kamrup,2016,7.476506537691102E8,3.75486933745875E8
18,322,Kamrup Metropolitan,2016,2.980674478289215E8,4.1802350341977036E8
18,323,Nalbari,2016,3.137754727238894E8,1.755774546785228E8
18,324,Baksa,2016,5.736269479398246E8,2.5098973079318938E8
18,325,Darrang,2016,4.1534972140629977E8,2.171270341746342E8
18,326,Udalguri,2016,4.96437181264296E8,2.0931035783610454E8
25,494,Diu,2016,1.0616461795247395E7,1.2057096618983356E7
25,495,Daman,2016,2.9944098692424946E7,5.978092503681363E7
26,496,Dadra & Nagar Haveli,2016,1.4865044812899435E8,1.2768745583103462E8
27,497,Nandurbar,2016,5.710726731310353E8,2.480898258620656E8
27,498,Dhule,2016,6.368782452431949E8,3.1924500961594284E8
27,499,Jalgaon,2016,8.777186660894873E8,5.867518026828513E8
27,500,Buldana,2016,8.070877249819736E8,3.6082871709510565E8
27,501,Akola,2016,3.114286660940908E8,2.5216757823823437E8
27,502,Washim,2016,2.954268753679074E8,1.423095619647679E8
27,503,Amravati,2016,6.334316696600415E8,4.434500306340279E8
27,504,Wardha,2016,4.0964379920075834E8,2.4228809004652658E8
27,505,Nagpur,2016,8.938769658449945E8,8.940131251540079E8
27,506,Bhandara,2016,2.7605294416478246E8,2.2613129852918637E8
27,507,Gondiya,2016,3.173817402630093E8,2.5557402638035485E8
27,508,Gadchiroli,2016,3.735608509514438E8,1.9111312072342932E8
27,509,Chandrapur,2016,4.63362924132778E8,3.934146448940612E8
27,510,Yavatmal,2016,6.738211045662838E8,3.799555563700911E8
27,511,Nanded,2016,8.019599718790941E8,4.0143504080492264E8
27,512,Hingoli,2016,4.3832861710541517E8,1.2781998294816794E8
27,513,Parbhani,2016,5.571439513804034E8,2.238370474380191E8
27,514,Jalna,2016,8.358504580695425E8,2.6393201638275465E8
27,515,Aurangabad,2016,1.3943674229967868E9,5.807173202027177E8
27,516,Nashik,2016,2.7066663096145105E9,1.1715573862772098E9
27,517,Thane,2016,1.6071123955757158E9,1.9474750177710974E9
27,518,Mumbai Suburban,2016,2.2400104567176396E8,9.120163618982613E8
27,519,Mumbai,2016,6.063180726646753E7,3.469063791104811E8
27,520,Raigarh,2016,7.878972710400274E8,8.023583166882381E8
27,521,Pune,2016,2.6744197029815984E9,2.374428032823952E9
27,522,Ahmadnagar,2016,2.5013905061032352E9,8.491260468964825E8
27,523,Bid,2016,1.0701299069294273E9,3.7949075596286535E8
27,524,Latur,2016,8.328409488499542E8,3.5406480692328584E8
27,525,Osmanabad,2016,7.123201608360102E8,2.4784857717260918E8
27,526,Solapur,2016,2.0459140220991192E9,6.835855900721734E8
27,527,Satara,2016,1.1802711754285462E9,6.23228350562173E8
27,528,Ratnagiri,2016,8.431608152090495E8,4.6207153528478324E8
27,529,Sindhudurg,2016,6.249732932524664E8,2.7323170993683416E8
27,530,Kolhapur,2016,9.381361298757162E8,7.805454905398811E8
27,531,Sangli,2016,1.2954176938702085E9,5.481098304446564E8
28,532,Adilabad,2016,6.473065651708448E8,4.665473289997373E8
28,533,Nizamabad,2016,5.403912003473958E8,4.452580156711496E8
28,534,Karimnagar,2016,1.135819776418616E9,7.480207250325902E8
28,535,Medak,2016,8.002823613065755E8,5.969156378087503E8
28,536,Hyderabad,2016,1.6352557951385573E8,6.669314118667512E8
28,537,Rangareddy,2016,1.2933709261230354E9,1.664603195297949E9
28,538,Mahbubnagar,2016,1.2544713431261258E9,6.471279324009705E8
28,539,Nalgonda,2016,1.3349405737416012E9,6.61154295255387E8
28,540,Warangal,2016,9.865576845042664E8,5.929915926535134E8
28,541,Khammam,2016,7.882291819506127E8,5.2689162926040554E8
28,542,Srikakulam,2016,4.841251250022555E8,3.718831603904703E8
28,543,Vizianagaram,2016,4.733483185768727E8,3.466178642728963E8
28,544,Visakhapatnam,2016,9.740161012045268E8,8.75549739763676E8
28,545,East Godavari,2016,1.115259863642222E9,9.430452432423894E8
28,546,West Godavari,2016,9.511680706672257E8,7.12587493522302E8
28,547,Krishna,2016,9.038037823732653E8,8.24353971177677E8
28,548,Guntur,2016,9.54861013374111E8,8.927034480456175E8
28,549,Prakasam,2016,9.042044623626835E8,6.2081193595434E8
28,550,Sri Potti Sriramulu Nellore,2016,7.653036183588772E8,5.451346849966152E8
28,551,Y.S.R.,2016,7.659011979887179E8,4.795294368107832E8
28,552,Kurnool,2016,8.781261406264206E8,5.663522419520781E8
28,553,Anantapur,2016,1.2357492294342484E9,6.088920958531277E8
28,554,Chittoor,2016,1.5301414097514474E9,7.34831061448312E8
29,555,Belgaum,2016,1.7361409369268231E9,8.470917584541426E8
29,556,Bagalkot,2016,6.720139199382392E8,3.0203210398890996E8
29,557,Bijapur,2016,1.0002783325651234E9,3.333904621300069E8
29,558,Bidar,2016,3.9743773898235667E8,2.614189342355053E8
29,559,Raichur,2016,5.754675014079349E8,2.8260337479037756E8
29,560,Koppal,2016,4.407384736533855E8,2.0166330522120056E8
29,561,Gadag,2016,2.625623519429228E8,1.5386099438430288E8
29,562,Dharwad,2016,3.384137081364316E8,3.167254830238023E8
29,563,Uttara Kannada,2016,7.906531320351334E8,3.3851321325127965E8
29,564,Haveri,2016,3.757546013299901E8,2.5724507822284794E8
29,565,Bellary,2016,5.452234587511221E8,4.1113657314654326E8
29,566,Chitradurga,2016,6.852020494146943E8,2.7062432169485307E8
29,567,Davanagere,2016,4.5176594008236444E8,3.1575556115084755E8
29,568,Shimoga,2016,8.118279545737864E8,3.7414526590629435E8
29,569,Udupi,2016,9.33732919551712E8,3.777853993527033E8
29,570,Chikmagalur,2016,6.928233165018305E8,2.7717690947992235E8
29,571,Tumkur,2016,1.307006239502868E9,5.47746415044679E8
29,572,Bangalore,2016,1.1023443308349648E9,2.3412236552331533E9
29,573,Mandya,2016,6.195321268772978E8,4.130388741151425E8
29,574,Hassan,2016,9.100511162668889E8,4.168906435371334E8
29,575,Dakshina Kannada,2016,1.451799449854722E9,6.350826625398504E8
29,576,Kodagu,2016,5.217014696196462E8,1.7872887965429938E8
29,577,Mysore,2016,7.966768732716873E8,6.25317932266047E8
29,578,Chamarajanagar,2016,4.181462117202244E8,1.7843715144529176E8
29,579,Gulbarga,2016,6.02763783511137E8,4.31041840378346E8
29,580,Yadgir,2016,3.072030750722004E8,1.5339719524410653E8
29,581,Kolar,2016,6.46860347855664E8,3.168189349531512E8
29,582,Chikkaballapura,2016,5.75265294507311E8,2.2854442831838334E8
29,583,Bangalore Rural,2016,4.8451345001272964E8,2.8865965313367957E8
29,584,Ramanagara,2016,4.6552288816318166E8,2.645123323014822E8
30,585,North Goa,2016,3.515586377130131E8,3.189650539900629E8
30,586,South Goa,2016,2.762658670001493E8,2.463297870334246E8
32,588,Kasaragod,2016,9.276067627040517E8,3.654364762206943E8
32,589,Kannur,2016,1.4529206143774972E9,8.678425728106538E8
32,590,Wayanad,2016,6.289401946601487E8,2.4231287734470788E8
32,591,Kozhikode,2016,1.3697968389974494E9,9.414135906507242E8
32,592,Malappuram,2016,1.6997702632020411E9,1.2248847971972725E9
32,593,Palakkad,2016,1.3555104569824758E9,7.883142673995147E8
32,594,Thrissur,2016,1.3051455862677965E9,1.0757018777492113E9
32,595,Ernakulam,2016,1.357446274349506E9,1.2813017052474768E9
32,596,Idukki,2016,9.222124997842869E8,3.46543836520278E8
32,597,Kottayam,2016,1.1324484735517695E9,6.654607728291941E8
32,598,Alappuzha,2016,8.640496957255323E8,6.254955529591609E8
32,599,Pathanamthitta,2016,7.934775261816483E8,4.766914799442353E8
32,600,Kollam,2016,1.1418621987442136E9,8.466688116125315E8
32,601,Thiruvananthapuram,2016,1.2186804447500114E9,9.766993571735809E8
33,602,Thiruvallur,2016,7.276820961992646E8,8.352271586620388E8
33,603,Chennai,2016,1.5939379580681682E8,6.079056939319017E8
33,604,Kancheepuram,2016,9.760340062054801E8,1.0975217479170928E9
33,605,Vellore,2016,1.2350453844288566E9,7.09649648491762E8
33,606,Tiruvannamalai,2016,1.121492135905243E9,4.0510340424466014E8
33,607,Viluppuram,2016,1.3394225073891966E9,5.431341542890333E8
33,608,Salem,2016,1.6478075944090338E9,7.281937541375456E8
33,609,Namakkal,2016,1.0564663173371477E9,4.9797838362487227E8
33,610,Erode,2016,1.2059729741471472E9,6.462408831395217E8
33,611,The Nilgiris,2016,3.081438379803501E8,1.599055330655058E8
33,612,Dindigul,2016,1.1141089575732534E9,4.452338755878543E8
33,613,Karur,2016,6.046715318442327E8,2.6313030227915075E8
33,614,Tiruchirappalli,2016,9.160775336429191E8,5.620341368876663E8
33,615,Perambalur,2016,2.789826469872128E8,1.2424255568332487E8
33,616,Ariyalur,2016,2.6156254527990583E8,1.406821791608642E8
33,617,Cuddalore,2016,6.402016097342142E8,4.2380722916731167E8
33,618,Nagapattinam,2016,5.778497263488817E8,2.574616594579692E8
33,619,Thiruvarur,2016,4.217539763124158E8,1.963081167966736E8
33,620,Thanjavur,2016,6.98241573845148E8,3.909763450906562E8
33,621,Pudukkottai,2016,7.667791988689836E8,3.1801691616194725E8
33,622,Sivaganga,2016,5.705395280589577E8,3.298194460821088E8
33,623,Madurai,2016,6.211757814741001E8,5.0554491592328703E8
33,624,Theni,2016,2.999208518655254E8,2.0324797485906786E8
33,625,Virudhunagar,2016,5.549363485553155E8,3.9289387484959626E8
33,626,Ramanathapuram,2016,4.1604817813977474E8,2.537293745891218E8
33,627,Thoothukkudi,2016,5.1536502964243263E8,3.983755422255156E8
33,628,Tirunelveli,2016,9.372629020793043E8,6.009467347927363E8
33,629,Kanniyakumari,2016,5.153548591625421E8,3.8709292267993957E8
33,630,Dharmapuri,2016,9.77936287338442E8,2.6159573824561733E8
33,631,Krishnagiri,2016,9.791602787460898E8,4.236207349925108E8
33,632,Coimbatore,2016,1.2605380114094634E9,1.0624526015934758E9
33,633,Tiruppur,2016,1.4471135433397899E9,7.705158675377661E8
34,634,Yanam,2016,6588487.030074297,9089074.581301069
34,635,Puducherry,2016,1.1856063510446157E8,1.7583091875261828E8
34,636,Mahe,2016,7419777.420304837,1.1209709892858727E7
34,637,Karaikal,2016,5.0805217529113054E7,4.614640440652294E7
31,587,Lakshadweep,2016,1628369.3022901348,1372640.5934242143
35,638,Nicobars,2016,2.5395477335386034E7,1.0419729251690105E7
35,639,North  & Middle Andaman,2016,1.025585863429994E8,2.431525748018698E7
35,640,South Andaman,2016,9.564403064204581E7,5.696941154512194E7
01,000,,2016,2.2764709968220954E9,1.9125396266363435E9
